{"train/mean_token_accuracy":0.7177350435938153,"train/num_tokens":143248,"train_runtime":120.0592,"train_samples_per_second":5.222,"_runtime":192,"_timestamp":1.754209893611433e+09,"train_loss":1.6016534732289291,"train/loss":1.3788,"_step":62,"total_flos":1.127158471606272e+15,"train/learning_rate":1.2759170653907497e-07,"train_steps_per_second":5.222,"train/grad_norm":2.7768731117248535,"_wandb":{"runtime":192},"train/global_step":627,"train/epoch":1}